{"cameraMode":{"drawMode":0,"name":"Shaded","section":"Shading Mode"},"sceneLighting":false,"audioPlay":false,"sceneViewState":{"m_AlwaysRefresh":false,"showFog":true,"showSkybox":false,"showFlares":true,"showImageEffects":true,"showParticleSystems":true,"showVisualEffectGraphs":true,"m_FxEnabled":true},"in2DMode":false,"pivot":{"x":2.0777413845062258,"y":34.04515075683594,"z":10.265146255493164},"rotation":{"x":0.010638049803674221,"y":0.9554234743118286,"z":-0.29303938150405886,"w":0.03469756618142128},"size":19.02629852294922,"orthographic":false}